{"cameraMode":{"drawMode":0,"name":"Shaded","section":"Shading Mode"},"sceneLighting":false,"audioPlay":false,"sceneViewState":{"m_AlwaysRefresh":false,"showFog":true,"showSkybox":false,"showFlares":true,"showImageEffects":true,"showParticleSystems":true,"showVisualEffectGraphs":true,"m_FxEnabled":true},"in2DMode":false,"pivot":{"x":-2.9000000953674318,"y":9.869999885559082,"z":3.859999895095825},"rotation":{"x":0.02230614237487316,"y":-0.30087411403656008,"z":0.007060150615870953,"w":0.9534023404121399},"size":0.5308738946914673,"orthographic":false}